year,projected_capacity
2023,82759.0
2024,93434.91100000001
2025,105488.014519
2026,119095.968391951
2027,134459.34831451267
2028,151804.6042470848
2029,171387.39819495872
2030,193496.3725621084
