year,projected_capacity
2023,8473.0
2024,9582.963
2025,10838.331153
2026,12258.152534043
2027,13863.970516002633
2028,15680.150653598977
2029,17734.250389220444
2030,20057.437190208322
