year,projected_capacity
2023,61013.0
2024,65039.858
2025,69332.488628
2026,73908.43287744801
2027,78786.38944735959
2028,83986.29115088533
2029,89529.38636684377
2030,95438.32586705546
