year,projected_capacity
2023,82759.0
2024,94850.0899
2025,108707.68803439001
2026,124589.8812562144
2027,142792.46290774734
2028,163654.44173856924
2029,187564.35567657423
2030,214967.50804092173
