year,projected_capacity
2023,8473.0
2024,10150.654
2025,12160.483492
2026,14568.259223415998
2027,17452.774549652364
2028,20908.423910483532
2029,25048.29184475927
2030,30007.853630021604
