year,projected_capacity
2023,61013.0
2024,66797.0324
2025,73129.39107151999
2026,80062.05734510008
2027,87651.94038141557
2028,95961.34432957377
2029,105058.47977201737
2030,115018.0236544046
