year,projected_capacity
2023,82759.0
2024,90041.792
2025,97965.46969600001
2026,106586.43102924802
2027,115966.03695982185
2028,126171.04821228619
2029,137274.10045496738
2030,149354.22129500454
