year,projected_capacity
2023,8473.0
2024,8727.19
2025,8989.005700000002
2026,9258.675871000001
2027,9536.436147130002
2028,9822.529231543902
2029,10117.20510849022
2030,10420.721261744926
