year,projected_capacity
2023,61013.0
2024,63026.429
2025,65106.301156999994
2026,67254.80909518099
2027,69474.21779532195
2028,71766.86698256758
2029,74135.1735929923
2030,76581.63432156104
